a_id,name,email
1,Meara Yarranton,myarranton0@omniture.com
2,Forrest Jiranek,fjiranek1@dailymotion.com
3,Amby Stubbe,astubbe2@dailymotion.com
4,Rubi Mayes,rmayes3@omniture.com
5,Miguelita Woloschin,mwoloschin4@homestead.com
6,Maura Moultrie,mmoultrie5@clickbank.net
7,Hildegarde Brixey,hbrixey6@jugem.jp
8,Patrizio Glanz,pglanz7@scientificamerican.com
9,Douglass Gavrielli,dgavrielli8@cocolog-nifty.com
10,Diego Watkinson,dwatkinson9@timesonline.co.uk
11,Tammi Cordeau,tcordeaua@unc.edu
12,Dorelle Sully,dsullyb@tamu.edu
13,Cherice Blaschke,cblaschkec@github.com
14,Oran Schops,oschopsd@storify.com
15,Langsdon Jorio,ljorioe@virginia.edu
16,Adoree Osbaldeston,aosbaldestonf@mayoclinic.com
17,Bobbee Thompkins,bthompkinsg@mapy.cz
18,Row Diggin,rdigginh@newsvine.com
19,Lara Linacre,llinacrei@joomla.org
20,Else Oselton,eoseltonj@phpbb.com
21,Dory Collinge,dcollingek@hubpages.com
22,Hedvige Clibbery,hclibberyl@toplist.cz
23,Lay Rallin,lrallinm@stumbleupon.com
24,Aubrey Huggon,ahuggonn@eventbrite.com
25,Gustav Siburn,gsiburno@rambler.ru
26,Terrill Kenna,tkennap@nature.com
27,Nikki Theriot,ntheriotq@foxnews.com
28,Farrah Braine,fbrainer@fotki.com
29,Berenice Limmer,blimmers@ft.com
30,Lenette Greally,lgreallyt@blinklist.com
31,Debbi Glayzer,dglayzeru@ycombinator.com
32,Aurelie Tomaskov,atomaskovv@twitpic.com
33,Corette Shawl,cshawlw@cbslocal.com
34,Val Girardi,vgirardix@odnoklassniki.ru
35,Dody Bratty,dbrattyy@photobucket.com
36,Jessalyn Keoghane,jkeoghanez@aol.com
37,Dorelle O'Fergus,dofergus10@reddit.com
38,Marillin Stolworthy,mstolworthy11@phoca.cz
39,Miner Martinat,mmartinat12@sfgate.com
40,Calli Filipowicz,cfilipowicz13@liveinternet.ru
41,Lilly Kaspar,lkaspar14@ed.gov
42,Joy Secombe,jsecombe15@ihg.com
43,Caro Danson,cdanson16@earthlink.net
44,Madel Collaton,mcollaton17@cargocollective.com
45,Obadias Tothacot,otothacot18@chicagotribune.com
46,Mylo Dering,mdering19@bloglines.com
47,Avie Garms,agarms1a@imageshack.us
48,Isidore Crippill,icrippill1b@phpbb.com
49,Saidee McCadden,smccadden1c@dell.com
50,Caron Cathcart,ccathcart1d@bigcartel.com
51,Yvonne Garr,ygarr1e@princeton.edu
52,Cassey Pavlasek,cpavlasek1f@delicious.com
53,Obie Heady,oheady1g@cocolog-nifty.com
54,Loralie Cuzen,lcuzen1h@deviantart.com
55,Simeon Shillito,sshillito1i@eepurl.com
56,Quintin Lamprecht,qlamprecht1j@vistaprint.com
57,Lori Bentick,lbentick1k@mozilla.org
58,Shelley Ponter,sponter1l@youtube.com
59,Fionnula Piesold,fpiesold1m@example.com
60,Gilbert Fontin,gfontin1n@bluehost.com
61,Norene Conigsby,nconigsby1o@4shared.com
62,Man Walkowski,mwalkowski1p@usnews.com
63,Renato Edess,redess1q@google.it
64,Lauretta Lanphere,llanphere1r@unesco.org
65,Howard Bartels,hbartels1s@altervista.org
66,Zachariah But,zbut1t@elegantthemes.com
67,Arty Damiata,adamiata1u@canalblog.com
68,Sela Herries,sherries1v@mayoclinic.com
69,Devland Lighterness,dlighterness1w@webmd.com
70,Ardene Whiskin,awhiskin1x@google.cn
71,Jeana Cadany,jcadany1y@bizjournals.com
72,Imojean Trouel,itrouel1z@sakura.ne.jp
73,Rubi Bendson,rbendson20@buzzfeed.com
74,Glenn Antrobus,gantrobus21@walmart.com
75,Jodie Gallen,jgallen22@intel.com
76,Bink Durand,bdurand23@nba.com
77,Bessy Pettegre,bpettegre24@baidu.com
78,Siobhan Wittrington,swittrington25@sourceforge.net
79,Lamond Rosenschein,lrosenschein26@apple.com
80,Leontyne Yankin,lyankin27@ycombinator.com
81,Lauritz Witterick,lwitterick28@shareasale.com
82,Netty Maceur,nmaceur29@mail.ru
83,Candra Kaysor,ckaysor2a@nps.gov
84,Ericka Tuckey,etuckey2b@nba.com
85,Gal Keeling,gkeeling2c@hp.com
86,Rollie Giraudeau,rgiraudeau2d@ucla.edu
87,Carr Weeds,cweeds2e@spiegel.de
88,Kinnie Pinch,kpinch2f@friendfeed.com
89,Bartholomew Kearle,bkearle2g@upenn.edu
90,Aloin Daveridge,adaveridge2h@shop-pro.jp
91,Christoffer Peverell,cpeverell2i@sciencedirect.com
92,Winna Lamb,wlamb2j@nbcnews.com
93,Diane Kleinber,dkleinber2k@china.com.cn
94,Rachele Slainey,rslainey2l@timesonline.co.uk
95,Tootsie Wilderspoon,twilderspoon2m@mozilla.com
96,Tamas Santos,tsantos2n@gravatar.com
97,Morgan Turney,mturney2o@noaa.gov
98,Dewain Thunderman,dthunderman2p@deviantart.com
99,Emelita Selborne,eselborne2q@tiny.cc
100,Collen Lawful,clawful2r@pagesperso-orange.fr
